{
    "llm_times": [
        428.7296,
        200.52769999999998,
        0.0,
        0.0,
        0.0,
        0.0,
        0.0,
        0.0,
        0.0,
        0.0,
        0.0,
        0.0,
        0.0,
        0.0,
        406.0079,
        0.0,
        0.0,
        0.0,
        416.4316,
        0.0,
        2.0052,
        0.0,
        360.0303,
        154.1663,
        1.7428,
        0.0,
        0.0,
        0.0,
        0.0,
        0.0,
        0.0,
        0.0,
        0.0,
        0.0,
        0.0,
        4.0621,
        0.0,
        0.0,
        0.0,
        369.2999,
        161.7767,
        152.7218,
        0.0,
        0.0,
        0.0,
        329.99,
        166.0557,
        151.9064,
        0.0,
        0.0,
        0.0,
        338.00509999999997,
        161.8313,
        156.4289,
        156.8138,
        159.6735,
        162.2081,
        168.42759999999998,
        166.1,
        166.7267,
        154.8798,
        172.9735,
        0.0,
        0.0,
        0.0,
        0.0,
        0.0,
        2.0234,
        338.2503,
        0.0,
        1.5072999999999999,
        0.0,
        424.9136,
        0.0,
        0.0,
        0.0,
        48.7698,
        155.8294,
        156.9761,
        0.0,
        327.1402,
        155.85999999999999,
        157.8139,
        156.28549999999998,
        153.2462,
        154.0075,
        150.4312,
        150.1646,
        155.7986,
        153.04919999999998,
        152.3901,
        0.0,
        0.0,
        0.0
    ],
    "tts_times": [
        1553.6838,
        612.8081999999999,
        296.96209999999996,
        510.2005,
        343.1973,
        393.46909999999997,
        415.3118,
        324.2424,
        315.1516,
        333.6424
    ],
    "stt_times": [
        1814.3616,
        935.083,
        425.2718,
        797.1514,
        1035.6109999999999,
        2057.5965,
        964.9938999999999,
        856.9154,
        724.6245,
        1365.9072999999999,
        380.2969,
        741.733,
        810.7482,
        579.5677999999999,
        2850.0949
    ],
    "audio_times": [
        2037.9999999999998,
        2358.0,
        1622.0,
        1568.6666666666667,
        2966.0,
        3755.333333333333,
        2454.0,
        1622.0,
        1664.6666666666667,
        3008.6666666666665,
        1803.3333333333333,
        1622.0,
        1526.0,
        2037.9999999999998,
        10955.333333333334
    ],
    "send_times": [
        14725.964399999999,
        14725.964399999999,
        15333.277199999999,
        15333.277199999999,
        24360.0262,
        24364.9175,
        33480.043,
        33483.5608,
        42150.574799999995,
        42150.574799999995,
        44882.8188,
        54796.209599999995,
        54798.2128,
        91671.4589,
        91673.97249999999,
        101288.2738,
        101288.2738,
        103836.0017,
        121431.06779999999,
        121433.5792,
        142385.8798,
        142385.8798,
        143257.2615
    ],
    "receive_times": [
        5.0253,
        4.7561,
        3.0118,
        3.2912999999999997,
        3.0162,
        2.0073,
        3.0221999999999998,
        2.0149,
        2.8752999999999997
    ]
}