{
    "llm_times": [
        [
            263.618182,
            1745435942321.3315,
            1745435942584.9497
        ],
        [
            208.420737,
            1745435951048.2246,
            1745435951256.6453
        ],
        [
            208.024421,
            1745435968895.6624,
            1745435969103.6865
        ],
        [
            128.36122799999998,
            1745435982959.778,
            1745435983088.1392
        ],
        [
            150.676477,
            1745435992068.0823,
            1745435992218.7588
        ],
        [
            114.93440299999999,
            1745436002098.2432,
            1745436002213.1777
        ],
        [
            90.23369199999999,
            1745436010122.7266,
            1745436010212.9602
        ],
        [
            98.31916199999999,
            1745436016363.7622,
            1745436016462.0813
        ],
        [
            118.946626,
            1745436020924.8242,
            1745436021043.7708
        ],
        [
            122.64687199999999,
            1745436025933.5872,
            1745436026056.234
        ],
        [
            126.018738,
            1745436033793.5786,
            1745436033919.5972
        ],
        [
            301.09061299999996,
            1745436041977.595,
            1745436042278.6855
        ],
        [
            129.084563,
            1745436055935.8694,
            1745436056064.954
        ],
        [
            165.988472,
            1745436061890.4124,
            1745436062056.401
        ],
        [
            134.77979399999998,
            1745436069858.2988,
            1745436069993.0784
        ],
        [
            123.81062499999999,
            1745436076418.407,
            1745436076542.2175
        ],
        [
            160.31676299999998,
            1745436083319.7854,
            1745436083480.102
        ],
        [
            142.21922899999998,
            1745436098013.3945,
            1745436098155.6135
        ]
    ],
    "tts_times": [
        [
            593.267972,
            1745435942584.957,
            1745435943178.225
        ],
        [
            1886.257157,
            1745435951256.6506,
            1745435953142.9077
        ],
        [
            2119.5347469999997,
            1745435969103.692,
            1745435971223.2266
        ],
        [
            1021.766848,
            1745435983088.144,
            1745435984109.911
        ],
        [
            1137.204277,
            1745435992218.7654,
            1745435993355.9697
        ],
        [
            786.2521479999999,
            1745436002213.1833,
            1745436002999.4355
        ],
        [
            818.881297,
            1745436010212.9648,
            1745436011031.846
        ],
        [
            676.127569,
            1745436016462.0852,
            1745436017138.213
        ],
        [
            489.73537,
            1745436021043.7761,
            1745436021533.5117
        ],
        [
            633.030398,
            1745436026056.2385,
            1745436026689.2688
        ],
        [
            178.704275,
            1745436033919.603,
            1745436034098.3076
        ],
        [
            182.941074,
            1745436042278.6897,
            1745436042461.6309
        ],
        [
            315.18289899999996,
            1745436056064.9587,
            1745436056380.1418
        ],
        [
            302.766934,
            1745436062056.4058,
            1745436062359.1726
        ],
        [
            349.31179,
            1745436069993.0833,
            1745436070342.395
        ],
        [
            262.231064,
            1745436076542.2231,
            1745436076804.454
        ],
        [
            769.553503,
            1745436083480.1072,
            1745436084249.6606
        ],
        [
            291.84243599999996,
            1745436098155.6184,
            1745436098447.461
        ]
    ],
    "stt_times": [
        [
            779.566208,
            1745435941541.3506,
            1745435942320.9167
        ],
        [
            321.088816,
            1745435950726.9841,
            1745435951048.073
        ],
        [
            500.67400599999996,
            1745435968394.8364,
            1745435968895.5105
        ],
        [
            399.776412,
            1745435982559.8486,
            1745435982959.6252
        ],
        [
            260.988673,
            1745435991806.9324,
            1745435992067.9211
        ],
        [
            222.84910299999999,
            1745436001875.2332,
            1745436002098.0823
        ],
        [
            261.002146,
            1745436009861.5513,
            1745436010122.5532
        ],
        [
            248.451429,
            1745436016115.1418,
            1745436016363.593
        ],
        [
            267.041409,
            1745436020657.6086,
            1745436020924.6501
        ],
        [
            201.33860199999998,
            1745436025732.0706,
            1745436025933.409
        ],
        [
            260.80383,
            1745436033532.5776,
            1745436033793.3816
        ],
        [
            288.569504,
            1745436041688.835,
            1745436041977.4045
        ],
        [
            281.326323,
            1745436055654.3462,
            1745436055935.6726
        ],
        [
            221.088452,
            1745436061669.1172,
            1745436061890.2056
        ],
        [
            298.729696,
            1745436069559.3433,
            1745436069858.073
        ],
        [
            203.02761999999998,
            1745436076215.1626,
            1745436076418.1902
        ],
        [
            260.32361099999997,
            1745436083059.2217,
            1745436083319.5452
        ],
        [
            602.4026269999999,
            1745436097410.7686,
            1745436098013.1714
        ]
    ],
    "sent_audio_size": [
        4822.0,
        6870.0,
        7702.0,
        3798.0,
        4224.666666666667,
        2966.0,
        3062.0,
        2550.0,
        1899.3333333333333,
        2411.3333333333335,
        1846.0,
        1942.0,
        3382.0,
        3382.0,
        3755.333333333333,
        2966.0,
        2923.3333333333335,
        1206.0
    ],
    "recieved_audio_size": [
        2944.0,
        2218.6666666666665,
        4522.666666666667,
        2560.0,
        1920.0,
        2133.3333333333335,
        1578.6666666666667,
        1621.3333333333333,
        1365.3333333333333,
        1493.3333333333335,
        1749.3333333333335,
        1536.0,
        1834.6666666666667,
        1152.0,
        1749.3333333333335,
        1408.0,
        1664.0,
        4693.333333333333
    ],