{
    "llm_times": [
        1699.4422,
        1309.3074,
        4410.668,
        1251.7783,
        2297.7053,
        2619.7039,
        979.0483999999999,
        653.5432999999999,
        991.7752999999999,
        579.7900999999999,
        1993.042,
        1213.2169999999999,
        2442.7713,
        4672.906199999999,
        1812.7133,
        1161.3724,
        808.6859,
        1130.995,
        1433.9483,
        2017.1422,
        1627.9464,
        2211.6268,
        2663.8361,
        2448.1479999999997,
        939.9284,
        547.8901999999999,
        850.3433,
        1295.2168,
        1380.9704,
        1159.1539,
        1339.4205,
        1269.9075,
        957.7957,
        2883.846,
        8968.2287,
        2952.6267,
        487.1803,
        2704.3939,
        1250.9578999999999,
        3998.7038,
        3082.0915999999997,
        2228.4771,
        1114.2840999999999,
        2578.4464,
        482.1588,
        17591.7145,
        10559.9341,
        6535.601299999999,
        2417.7131999999997,
        5600.182699999999,
        1901.7954
    ],
    "tts_times": [
        781.4321,
        895.694,
        3904.816,
        772.1503,
        1341.5421,
        2619.0487,
        963.1768999999999,
        653.5432999999999,
        991.7752999999999,
        579.7900999999999,
        943.8881,
        1081.4669999999999,
        2439.7346,
        4672.906199999999,
        875.8548,
        971.7864,
        577.9458999999999,
        713.8894,
        642.944,
        1520.6176,
        1180.9301,
        1945.0440999999998,
        1165.1848,
        1386.7928,
        855.7190999999999,
        545.9085,
        850.3433,
        889.8077,
        861.4656,
        692.0908999999999,
        594.4632,
        520.7914999999999,
        752.4946,
        777.7803,
        4357.7014,
        1072.3342,
        487.1803,
        892.913,
        423.6011,
        2053.4782999999998,
        1328.9116,
        741.8258999999999,
        370.2577,
        1238.1076,
        480.15409999999997,
        4337.424599999999,
        725.5946,
        2980.7909999999997,
        980.7829999999999,
        3415.4957999999997,
        1493.3310999999999
    ],
    "stt_times": [
        1317.0189,
        548.6602,
        966.169,
        514.1786,
        490.7215,
        602.5865,
        464.05719999999997,
        494.46799999999996,
        583.8111,
        543.8276,
        422.71709999999996,
        512.8299999999999,
        929.5631,
        1375.4711,
        681.2396,
        476.8504,
        513.6296,
        427.8481,
        625.9315,
        509.92879999999997,
        575.5514,
        584.6789,
        606.7845,
        1570.8058999999998,
        1359.8682,
        660.6868999999999,
        708.6273
    ],
    "sent_audio_times": [
        1942.0,
        2080.6666666666665,
        13217.333333333332,
        1899.3333333333333,
        3200.666666666667,
        6358.666666666666,
        1995.3333333333335,
        3200.666666666667,
        4438.666666666666,
        2550.0,
        2358.0,
        2496.6666666666665,
        6913.333333333333,
        14528.666666666666,
        2037.9999999999998,
        2272.666666666667,
        2496.6666666666665,
        1526.0,
        2592.6666666666665,
        5376.666666666667,
        2592.6666666666665,
        8171.333333333333,
        4406.0,
        3243.333333333333,
        2037.9999999999998,
        1664.6666666666667,
        2923.3333333333335,
        1899.3333333333333,
        3424.6666666666665,
        1483.3333333333335,
        2496.6666666666665,
        1110.0,
        2411.3333333333335,
        1760.6666666666665,
        13089.333333333334,
        2870.0,
        2315.333333333333,
        3574.0,
        1707.3333333333333,
        5803.333333333334,
        3936.6666666666665,
        3200.666666666667,
        1387.3333333333333,
        2731.333333333333,
        2134.0,
        12203.333333333334,
        1707.3333333333333,
        8587.333333333334,
        2272.666666666667,
        7936.666666666667,
        6496.666666666667
    ],
    "recieved_audio_times": [
        4053.3333333333335,
        1792.0,
        4352.0,
        1621.3333333333333,
        1536.0,
        2304.0,
        1578.6666666666667,
        2304.0,
        1792.0,
        2816.0,
        1877.3333333333333,
        2346.6666666666665,
        4821.333333333333,
        3669.3333333333335,
        2218.6666666666665,
        2048.0,
        2730.6666666666665,
        1280.0,
        1536.0,
        1450.6666666666667,
        2944.0,
        3200.0,
        2261.3333333333335,
        3626.6666666666665,
        3882.6666666666665,
        2389.3333333333335,
        3840.0
    ],
    "send_times": [
        4.6814,
        4.3976999999999995,
        26.503899999999998,
        1.5433,
        4.4628,
        18.3384,
        0.0,
        15.2509,
        5.0194,
        11.7271,
        2.7674,
        3.1174999999999997,
        19.6359,
        21.8086,
        4.1377,
        2.7401999999999997,
        1.4663,
        1.1177,
        0.0,
        15.771899999999999,
        2.8981,
        15.1869,
        5.9664,
        5.5028,
        2.0453,
        15.714599999999999,
        3.0096,
        3.041,
        6.9117999999999995,
        2.0881,
        16.025199999999998,
        0.5088,
        0.0,
        21.1135,
        8.9027,
        7.6746,
        0.0,
        0.0,
        9.260399999999999,
        5.4723999999999995,
        0.0,
        0.0,
        4.0078,
        8.701699999999999,
        15.9787,
        4.58,
        13.2416
    ],
    "receive_times": [
        149.8322,
        40.7883,
        104.4292,
        15.915799999999999,
        15.9469,
        29.2042,
        11.5601,
        101.5951,
        17.9791,
        27.365499999999997,
        48.0779,
        32.5562,
        47.6292,
        31.7423,
        17.7225,
        15.899,
        18.1592,
        4.0801,
        15.9653,
        0.0,
        0.0,
        10.091999999999999,
        15.9002,
        89.6656,
        70.0412,
        29.7567,
        31.427599999999998
    ]
}