{
    "llm_times": [
        9601.6886,
        2151.3469,
        985.7181999999999,
        1438.6975,
        1962.4189999999999,
        1396.3474999999999,
        1892.0591,
        815.1932999999999,
        2256.817,
        19183.8858,
        3344.5292,
        3249.6852,
        3302.5836,
        7691.2459,
        865.3972,
        2311.0588,
        1848.3643,
        16001.960299999999,
        3064.6061,
        1361.9924999999998,
        1123.1390999999999,
        2298.6899,
        1409.5799,
        1357.585,
        1149.3543,
        1333.7049,
        1607.6199,
        1645.4939,
        1627.3725,
        1562.9239,
        1147.8713,
        2402.2736,
        1790.8735,
        1535.0495999999998,
        1633.2096,
        1618.522,
        1561.3183,
        1228.0571,
        2275.0236999999997,
        1038.2037,
        900.0594,
        2054.051,
        2246.0897,
        2117.7426,
        1965.7077,
        1422.0726,
        1955.8039999999999,
        1599.8701999999998,
        1208.0004999999999,
        1330.8925,
        1787.7963,
        1397.3311999999999,
        3290.6169999999997,
        1665.9256,
        1896.9534999999998,
        1865.2024999999999,
        2243.0951999999997,
        1138.3516,
        1671.5845,
        1178.3501999999999,
        1430.3944,
        1133.5434,
        721.6257999999999
    ],
    "tts_times": [
        920.3932,
        1220.5869,
        363.3932,
        1288.8462,
        846.1912,
        1131.0402,
        1589.5271,
        506.7953,
        1172.9449,
        1324.9568,
        2492.1189999999997,
        2607.2985,
        1512.1939,
        8558.0999,
        2309.5546,
        1848.3643,
        1876.7819,
        5729.6024,
        2733.49,
        986.596,
        931.4500999999999,
        1134.0692,
        784.3936,
        861.1446,
        524.2262,
        566.2654,
        811.1288,
        741.2925,
        1110.7962,
        1087.0734,
        484.5788,
        1226.0292,
        947.9236,
        1089.3287,
        777.3266,
        806.8353999999999,
        805.3145999999999,
        762.2909,
        1377.1752999999999,
        423.8803,
        435.3884,
        1178.9727,
        1181.7394,
        1430.3468,
        1734.9974,
        582.8124,
        853.5596999999999,
        1156.6616999999999,
        602.0894,
        2338.1038,
        1023.8193,
        614.9158,
        1959.9476,
        965.3552,
        1322.5733,
        1115.6112,
        1013.5427999999999,
        489.4074,
        984.9147999999999,
        448.0747,
        558.2465,
        1714.0747999999999,
        384.91569999999996
    ],
    "stt_times": [
        1355.2602,
        563.1329,
        701.1999,
        422.56489999999997,
        527.881,
        710.713,
        526.5503,
        394.1667,
        415.4201,
        636.4628,
        705.0192,
        381.07149999999996,
        382.7526,
        3289.8972,
        909.1103999999999,
        1199.4735,
        1247.5786,
        574.9997999999999,
        545.7962,
        478.9989,
        730.0001,
        415.0018,
        672.9997999999999,
        515.9996,
        449.15799999999996,
        714.0033999999999,
        513.9993,
        1407.2502,
        651.617,
        456.0007,
        743.0007999999999,
        560.2375999999999,
        573.0002999999999,
        485.0005,
        1249.5473,
        514.0008,
        786.9993,
        706.001,
        860.0962,
        470.99949999999995,
        794.0009,
        643.0008,
        490.0,
        490.0,
        586.0006,
        1650.2645,
        705.9998999999999,
        701.7867,
        395.99989999999997,
        429.5034,
        549.9959,
        615.9997999999999,
        606.9988999999999,
        435.0027,
        808.0002999999999,
        1101.0009,
        635.4978,
        719.9997,
        413.72569999999996
    ],
    "sent_audio_times": [
        2496.6666666666665,
        4864.666666666666,
        1430.0,
        5334.0,
        2966.0,
        3382.0,
        4918.0,
        1899.3333333333333,
        4267.333333333333,
        3851.3333333333335,
        4032.6666666666665,
        4128.666666666667,
        4502.0,
        7467.333333333333,
        4267.333333333333,
        6539.333333333333,
        6496.666666666667,
        19307.333333333332,
        7798.0,
        2219.333333333333,
        3894.0,
        4267.333333333333,
        3712.666666666667,
        3564.0,
        1995.3333333333335,
        2550.0,
        3520.6666666666665,
        3104.6666666666665,
        3616.6666666666665,
        3755.333333333333,
        2080.6666666666665,
        4171.333333333333,
        3243.333333333333,
        3616.6666666666665,
        3339.3333333333335,
        3574.0,
        3424.6666666666665,
        2080.6666666666665,
        5803.333333333334,
        1760.6666666666665,
        1846.0,
        3936.6666666666665,
        4544.666666666667,
        4779.333333333334,
        5238.0,
        2550.0,
        3478.0,
        2688.666666666667,
        2688.666666666667,
        6358.0,
        3339.3333333333335,
        2731.333333333333,
        6358.0,
        4032.6666666666665,
        3936.6666666666665,
        3478.0,
        4363.333333333333,
        2219.333333333333,
        3147.3333333333335,
        1803.3333333333333,
        2496.6666666666665,
        7883.333333333334,
        1526.0
    ],
    "recieved_audio_times": [
        4053.3333333333335,
        3072.0,
        2816.0,
        1664.0,
        1578.6666666666667,
        2730.6666666666665,
        1280.0,
        42.666666666666664,
        1621.3333333333333,
        10000.0,
        10000.0,
        10000.0,
        10000.0,
        10000.0,
        10000.0,
        10000.0,
        10000.0,
        10000.0,
        10000.0,
        10000.0,
        10000.0,
        10000.0,
        10000.0,
        10000.0,
        10000.0,
        10000.0,
        10000.0,
        10000.0,
        10000.0,
        10000.0,
        10000.0,
        10000.0,
        10000.0,
        10000.0,
        10000.0,
        10000.0,
        10000.0,
        10000.0,
        10000.0,
        10000.0,
        10000.0,
        10000.0,
        10000.0,
        10000.0,
        10000.0,
        10000.0,
        10000.0,
        10000.0,
        10000.0,
        10000.0,
        10000.0,
        10000.0,
        10000.0,
        10000.0,
        10000.0,
        10000.0,
        10000.0,
        10000.0,
        10000.0
    ],
    "send_times": [
        4.083699999999999,
        14.218499999999999,
        0.0,
        15.904499999999999,
        4.2031,
        0.0,
        0.0,
        0.0,
        3.9583,
        0.0,
        0.5041,
        0.0,
        0.0,
        1.51,
        1.5051999999999999,
        1.0,
        0.6362,
        0.0,
        1.0,
        1.0002,
        1.0010999999999999,
        0.0,
        0.0,
        0.0,
        1.004,
        0.0,
        0.0,
        0.0,
        0.0,
        0.0,
        0.0,
        0.0,
        0.0,
        1.0012999999999999,
        1.0,
        0.9994999999999999,
        0.0,
        0.0,
        0.0,
        0.0,
        0.0,
        0.0,
        0.0,
        0.5133,
        0.0,
        0.0,
        0.0,
        0.0,
        0.0,
        0.0,
        0.0,
        0.0,
        0.0,
        0.0,
        0.0,
        0.0,
        0.0
    ],